,City,Cloudiness,Country,Date,Humidity,Lat,Lng,Max Temp,Wind Speed
0,East London,0,ZA,2019-08-04T10:16:01,56,-33.02,27.91,69.8,5.82
1,Bredasdorp,0,ZA,2019-08-04T10:16:02,37,-34.53,20.04,71.6,10.29
2,Avera,90,US,2019-08-04T10:16:02,88,33.19,-82.53,82.4,3.36
3,Ust-Kuyga,0,RU,2019-08-04T10:16:02,74,70.0,135.55,43.0,3.2
4,Vila,20,IT,2019-08-04T10:16:02,40,45.18,8.4,91.0,5.82
5,Muros,40,ES,2019-08-04T10:16:02,47,42.77,-9.06,79.0,4.7
6,Klaksvik,0,FO,2019-08-04T10:16:02,62,62.23,-6.59,59.0,9.17
7,Yellowknife,75,CA,2019-08-04T10:16:03,100,62.45,-114.38,55.4,4.7
8,Tiksi,33,RU,2019-08-04T10:16:03,53,71.64,128.87,50.92,9.08
9,Vila Velha,75,BR,2019-08-04T10:16:03,61,-3.71,-38.6,82.99,16.11
10,Simbahan,100,PH,2019-08-04T10:16:03,81,6.3,120.58,82.42,18.28
11,Dalby,2,AU,2019-08-04T10:16:03,58,-27.18,151.26,46.4,9.17
12,Rikitea,23,PF,2019-08-04T10:16:03,77,-23.12,-134.97,73.06,13.91
13,Saint-Augustin,20,CA,2019-08-04T10:16:03,72,45.63,-73.98,66.99,2.24
14,Singkang,75,MY,2019-08-04T10:16:04,79,2.1,102.8,84.2,3.36
15,Severo-Kurilsk,0,RU,2019-08-04T10:16:04,94,50.68,156.12,49.3,10.51
16,Ushuaia,20,AR,2019-08-04T10:12:51,80,-54.81,-68.31,35.6,4.7
17,Butaritari,0,KI,2019-08-04T10:16:04,63,3.07,172.79,84.58,4.9
18,La Ligua,0,CL,2019-08-04T10:16:04,62,-32.45,-71.23,53.6,3.36
19,Amalner,100,IN,2019-08-04T10:16:04,88,21.04,75.07,75.94,9.15
20,Chanute,1,US,2019-08-04T10:16:04,74,37.68,-95.46,79.0,3.94
21,Narsaq,20,GL,2019-08-04T10:16:05,55,60.91,-46.05,60.8,5.82
22,Mount Gambier,100,AU,2019-08-04T10:15:27,81,-37.83,140.78,42.8,8.05
23,Port Hardy,90,CA,2019-08-04T10:16:05,100,50.7,-127.42,53.6,2.24
24,Cantapoy,100,PH,2019-08-04T10:16:05,77,9.49,125.44,83.86,11.32
25,New Norfolk,20,AU,2019-08-04T10:16:05,95,-42.78,147.06,37.4,8.05
26,Dikson,53,RU,2019-08-04T10:16:05,89,73.51,80.55,40.48,21.3
27,Castro,90,CL,2019-08-04T10:16:06,100,-42.48,-73.76,42.8,6.93
28,Buin,0,CL,2019-08-04T10:16:06,65,-33.73,-70.74,46.4,3.36
29,Kabalo,63,CD,2019-08-04T10:16:06,31,-6.05,26.92,90.88,4.07
30,Padang,100,ID,2019-08-04T10:16:06,76,-0.92,100.36,81.52,10.85
31,Ilulissat,20,GL,2019-08-04T10:16:06,75,69.22,-51.1,42.8,4.7
32,Hermanus,0,ZA,2019-08-04T10:16:07,67,-34.42,19.24,64.0,7.0
33,Whitecourt,75,CA,2019-08-04T10:15:30,87,54.14,-115.68,50.0,8.05
34,Haines Junction,100,CA,2019-08-04T10:16:07,61,60.75,-137.51,53.62,2.86
35,Cape Town,75,ZA,2019-08-04T10:14:57,77,-33.93,18.42,61.0,16.11
36,Alofi,6,NU,2019-08-04T10:16:07,94,-19.06,-169.92,68.0,2.24
37,Lebu,75,ET,2019-08-04T10:16:07,68,8.96,38.73,66.2,12.75
38,Punta Arenas,40,CL,2019-08-04T10:16:07,76,-53.16,-70.91,37.0,25.28
39,Bluff,0,AU,2019-08-04T10:16:07,72,-23.58,149.07,56.32,6.62
40,Torbay,20,CA,2019-08-04T10:16:08,50,47.66,-52.73,80.01,8.05
41,Albany,20,US,2019-08-04T10:15:07,60,42.65,-73.75,75.99,5.82
42,Newport,75,GB,2019-08-04T10:16:08,72,51.59,-3.0,75.99,10.29
43,Port Elizabeth,20,US,2019-08-04T10:16:08,61,39.31,-74.98,84.0,5.82
44,Hilo,90,US,2019-08-04T10:16:08,88,19.71,-155.08,75.2,5.82
45,Lompoc,90,US,2019-08-04T10:16:08,100,34.64,-120.46,59.0,9.55
46,San Juan,46,AR,2019-08-04T10:12:19,13,-31.54,-68.53,53.62,4.97
47,Busselton,100,AU,2019-08-04T10:16:08,59,-33.64,115.35,57.99,16.96
48,Kodiak,1,US,2019-08-04T10:16:09,78,39.95,-94.76,77.0,5.82
49,Columbus,75,US,2019-08-04T10:13:12,94,32.46,-84.99,80.01,6.93
50,Perpignan,0,FR,2019-08-04T10:16:09,29,42.7,2.88,97.0,8.05
51,Tadine,87,NC,2019-08-04T10:16:09,66,-21.55,167.88,69.1,16.17
52,Djambala,77,CG,2019-08-04T10:16:09,34,-2.55,14.76,89.08,1.54
53,Khatanga,86,RU,2019-08-04T10:16:09,90,71.98,102.47,58.66,6.73
54,Nikolskoye,20,RU,2019-08-04T10:16:09,51,59.7,30.79,63.0,20.13
55,Mataura,100,NZ,2019-08-04T10:16:10,84,-46.19,168.86,37.0,8.99
56,Kalakamati,20,BW,2019-08-04T10:16:10,28,-20.59,27.31,84.2,3.36
57,Jamestown,23,AU,2019-08-04T10:16:10,54,-33.21,138.6,45.88,7.94
58,Takoradi,92,GH,2019-08-04T10:16:10,69,4.89,-1.75,80.26,7.72
59,Barrow,0,AR,2019-08-04T10:16:10,32,-38.31,-60.23,58.3,21.92
60,Laguna,40,BZ,2019-08-04T10:16:10,83,16.17,-88.94,84.2,1.5
61,Batagay-Alyta,0,RU,2019-08-04T10:16:10,72,67.8,130.41,39.76,2.01
62,Hobart,20,AU,2019-08-04T10:16:11,95,-42.88,147.33,37.4,8.05
63,Camopi,0,GF,2019-08-04T10:16:11,57,3.17,-52.33,86.92,5.82
64,Carnarvon,0,ZA,2019-08-04T10:16:11,9,-30.97,22.13,62.44,10.87
65,Bambous Virieux,40,MU,2019-08-04T10:16:11,64,-20.34,57.76,73.4,8.05
66,Taseyevo,37,RU,2019-08-04T10:16:11,65,57.22,94.9,71.8,7.2
67,Sao Joao da Barra,75,BR,2019-08-04T10:16:11,93,-21.64,-41.05,66.2,16.11
68,Jesus Carranza,1,MX,2019-08-04T10:16:12,69,31.49,-106.24,81.0,9.17
69,Saint-Philippe,1,CA,2019-08-04T10:16:12,55,45.36,-73.48,66.99,4.7
70,Moron,13,HT,2019-08-04T10:16:12,69,18.56,-74.26,84.4,3.6
71,Monteria,75,CO,2019-08-04T10:16:12,78,10.74,-74.19,82.4,4.25
72,Muroto,65,JP,2019-08-04T10:16:12,75,33.37,134.14,73.06,4.79
73,Evensk,100,RU,2019-08-04T10:16:13,82,61.92,159.24,47.68,4.12
74,Guerrero Negro,0,MX,2019-08-04T10:16:13,77,27.97,-114.04,68.92,12.39
75,Pisco,90,PE,2019-08-04T10:16:13,30,-13.71,-76.2,71.6,5.82
76,Namibe,1,AO,2019-08-04T10:16:13,85,-15.19,12.15,63.7,14.88
77,Chokurdakh,0,RU,2019-08-04T10:16:13,77,70.62,147.9,39.94,9.75
78,Lagoa,0,PT,2019-08-04T10:16:13,61,37.14,-8.45,89.01,8.05
79,Thompson,40,CA,2019-08-04T10:16:13,77,55.74,-97.86,64.4,17.22
80,Puerto Ayora,75,EC,2019-08-04T10:16:13,77,-0.74,-90.35,69.8,11.41
81,Belmonte,0,PT,2019-08-04T10:16:14,26,40.36,-7.35,93.99,9.15
82,Livingston,75,US,2019-08-04T10:14:26,61,40.8,-74.31,84.0,3.36
83,Kawalu,56,ID,2019-08-04T10:16:14,94,-7.38,108.21,62.8,3.15
84,Abu Kamal,0,SY,2019-08-04T10:16:14,15,34.45,40.92,102.58,17.05
85,Kavaratti,100,IN,2019-08-04T10:16:14,79,10.57,72.64,82.96,18.03
86,Port Alfred,0,ZA,2019-08-04T10:16:14,66,-33.59,26.89,68.0,5.01
87,Bethel,90,US,2019-08-04T10:14:07,100,60.79,-161.76,57.2,18.34
88,Mayumba,21,GA,2019-08-04T10:16:14,88,-3.44,10.65,70.36,12.48
89,Fortuna,90,US,2019-08-04T10:16:15,100,40.6,-124.16,60.01,5.82
90,Provideniya,89,RU,2019-08-04T10:16:15,77,64.42,-173.23,44.44,2.75
91,Saint George,20,GR,2019-08-04T10:16:15,28,39.45,22.34,93.2,9.17
92,Wote,9,KE,2019-08-04T10:16:15,33,-1.78,37.63,79.0,10.4
93,Mahebourg,40,MU,2019-08-04T10:16:15,64,-20.41,57.7,73.4,8.05
94,Alice Springs,0,AU,2019-08-04T10:16:16,43,-23.7,133.88,50.0,4.7
95,Penha,20,BR,2019-08-04T10:16:16,66,-26.78,-48.65,60.01,9.17
96,Ulaangom,0,MN,2019-08-04T10:16:16,55,49.98,92.07,69.1,2.64
97,Rio Grande,0,BR,2019-08-04T10:13:50,76,-32.03,-52.1,48.99,8.05
98,Esperance,0,AU,2019-08-04T10:16:16,100,-33.86,121.89,48.2,5.82
99,Phitsanulok,75,TH,2019-08-04T10:16:16,83,16.82,100.26,78.8,1.12
100,Vila Franca do Campo,20,PT,2019-08-04T10:16:16,88,37.72,-25.43,75.2,14.99
101,Yamada,20,JP,2019-08-04T10:16:17,83,36.58,137.08,82.99,3.36
102,Egvekinot,97,RU,2019-08-04T10:16:17,95,66.32,-179.17,38.5,7.38
103,Garden City,1,US,2019-08-04T10:14:58,55,43.62,-116.24,71.01,3.36
104,Tazovskiy,43,RU,2019-08-04T10:16:17,81,67.47,78.7,57.4,10.38
105,Karratha,93,AU,2019-08-04T10:16:17,30,-20.74,116.85,61.72,5.75
106,Codrington,40,AU,2019-08-04T10:16:17,93,-28.95,153.24,55.0,6.93
107,Yimnon,20,GR,2019-08-04T10:16:17,25,38.43,23.88,93.2,11.41
108,Nsoko,0,ZA,2019-08-04T10:16:17,40,-27.07,31.93,89.6,3.36
109,Aklavik,90,CA,2019-08-04T10:16:18,87,68.22,-135.01,51.8,14.99
110,Bilibino,0,RU,2019-08-04T10:16:18,79,68.06,166.44,33.46,3.56
111,Cherskiy,0,RU,2019-08-04T10:16:18,69,68.75,161.3,39.04,4.65
112,Avarua,51,CK,2019-08-04T10:16:18,94,-21.21,-159.78,68.0,1.12
113,Vardo,1,US,2019-08-04T10:16:18,73,39.62,-77.74,81.0,3.36
114,Ribeira Grande,75,PT,2019-08-04T10:16:18,83,38.52,-28.7,77.0,10.29
115,Poum,40,MK,2019-08-04T10:16:19,34,41.28,20.71,80.6,2.24
116,Tura,0,RU,2019-08-04T10:16:19,76,64.27,100.22,57.94,6.35
117,Sarahan,7,IN,2019-08-04T10:16:19,94,31.51,77.79,62.26,1.28
118,Chapais,40,CA,2019-08-04T10:16:19,76,49.78,-74.86,51.8,6.93
119,Hearst,28,CA,2019-08-04T10:16:19,49,49.69,-83.67,73.06,5.23
120,Magadi,75,IN,2019-08-04T10:16:19,65,12.96,77.22,80.01,21.92
121,Lavrentiya,72,RU,2019-08-04T10:16:19,95,65.58,-170.99,35.98,1.74
122,Otane,0,NZ,2019-08-04T10:16:20,76,-39.89,176.62,42.01,14.0
123,Preobrazheniye,100,RU,2019-08-04T10:16:20,95,42.9,133.91,67.48,2.75
124,Xichang,100,CN,2019-08-04T10:16:20,90,27.88,102.25,59.02,3.44
125,Sao Filipe,0,CV,2019-08-04T10:16:20,81,14.9,-24.5,75.22,11.65
126,Tautira,0,PF,2019-08-04T10:16:20,69,-17.73,-149.15,75.2,8.05
127,Baindur,100,IN,2019-08-04T10:16:20,87,13.87,74.63,79.54,10.65
128,Vaini,75,IN,2019-08-04T10:16:20,100,15.34,74.49,69.8,17.22
129,Kushiro,97,JP,2019-08-04T10:16:21,98,43.11,144.15,61.36,0.92
130,Saskylakh,100,RU,2019-08-04T10:16:21,92,71.97,114.09,56.14,12.53
131,San Giovanni Rotondo,20,IT,2019-08-04T10:14:39,29,41.71,15.73,89.6,9.17
132,Atuona,92,PF,2019-08-04T10:16:21,76,-9.8,-139.03,78.82,17.13
133,General Nakar,100,PH,2019-08-04T10:16:21,89,14.76,121.64,75.58,2.46
134,Burnie,91,AU,2019-08-04T10:16:21,87,-41.05,145.91,37.99,5.99
135,Cairns,75,AU,2019-08-04T10:16:21,77,-16.92,145.77,68.0,12.75
136,San Andres,100,PH,2019-08-04T10:16:22,94,13.32,122.68,77.02,8.61
137,Chuy,0,UY,2019-08-04T10:16:22,54,-33.69,-53.46,52.0,4.27
138,Palencia,0,ES,2019-08-04T10:16:22,25,42.01,-4.53,91.0,8.05
139,Nanakuli,75,US,2019-08-04T10:16:22,75,21.39,-158.15,82.4,6.93
140,Catuday,100,PH,2019-08-04T10:16:22,83,16.29,119.81,81.34,10.29
141,Taoudenni,0,ML,2019-08-04T10:16:22,4,22.68,-3.98,117.52,10.25
142,Shubarshi,1,KZ,2019-08-04T10:16:23,33,48.59,57.19,75.76,7.94
143,Kieta,75,PG,2019-08-04T10:16:23,78,-6.22,155.63,79.36,5.41
144,Vlahita,6,RO,2019-08-04T10:16:23,63,46.35,25.52,69.01,1.01
145,Paciran,2,ID,2019-08-04T10:16:23,73,-6.9,112.33,70.18,8.57
146,Pathein,100,MM,2019-08-04T10:16:23,85,16.78,94.73,80.26,18.23
147,Arosa,20,CH,2019-08-04T10:16:23,32,46.78,9.68,77.0,17.22
148,Hervey Bay,0,AU,2019-08-04T10:16:24,93,-25.3,152.85,55.4,6.93
149,Oytal,0,KZ,2019-08-04T10:16:24,22,42.91,73.27,81.52,3.29
150,Kavieng,100,PG,2019-08-04T10:16:24,75,-2.57,150.8,83.5,7.43
151,Fomboni,0,KM,2019-08-04T10:16:24,77,-12.28,43.74,76.12,14.99
152,Taonan,34,CN,2019-08-04T10:16:24,35,45.34,122.78,82.78,11.74
153,Ponta do Sol,100,BR,2019-08-04T10:16:24,65,-20.63,-46.0,69.28,7.87
154,Banjar,46,ID,2019-08-04T10:16:25,92,-7.37,108.54,66.4,2.04
155,Palmer,0,AU,2019-08-04T10:15:09,61,-34.85,139.16,51.01,6.93
156,Ilebo,37,CD,2019-08-04T10:16:25,34,-4.33,20.59,91.78,2.8
157,Kaspiysk,24,RU,2019-08-04T10:16:25,74,42.88,47.64,78.8,20.13
158,Upernavik,0,GL,2019-08-04T10:16:25,88,72.79,-56.15,44.62,9.57
159,Matagami,92,NG,2019-08-04T10:16:25,71,9.67,8.4,79.72,4.45
160,Temerloh,4,MY,2019-08-04T10:14:11,83,3.45,102.42,75.22,3.02
161,Miyako,20,JP,2019-08-04T10:16:25,74,33.63,130.94,84.99,6.93
162,Kapaa,40,US,2019-08-04T10:16:26,78,22.08,-159.32,80.6,3.36
163,Hauterive,1,CA,2019-08-04T10:16:26,72,49.18,-68.27,63.0,6.93
164,Ahipara,96,NZ,2019-08-04T10:16:26,100,-35.17,173.16,46.0,34.67
165,devin,0,IT,2019-08-04T10:16:26,35,45.71,7.68,90.0,19.46
166,Oktyabrskiy,0,RU,2019-08-04T10:16:26,54,55.61,37.97,62.01,13.42
167,Kedougou,99,SN,2019-08-04T10:16:26,76,12.56,-12.19,83.5,8.79
168,Ayan,100,IR,2019-08-04T10:16:26,34,38.23,44.7,71.8,9.42
169,Shelburne,75,CA,2019-08-04T10:15:07,68,44.08,-80.2,77.0,2.24
170,Hithadhoo,29,MV,2019-08-04T10:16:26,77,-0.6,73.08,84.04,17.25
171,Kuusamo,20,FI,2019-08-04T10:16:27,53,65.96,29.19,51.8,13.87
172,Champagnole,20,FR,2019-08-04T10:16:27,34,46.75,5.91,86.0,6.93
173,Hamilton,1,CA,2019-08-04T10:13:03,73,43.26,-79.87,77.0,5.82
174,Tasiilaq,100,GL,2019-08-04T10:16:27,81,65.61,-37.64,44.6,5.82
175,Les Cayes,28,HT,2019-08-04T10:16:27,76,18.19,-73.75,83.5,17.69
176,Nanortalik,19,GL,2019-08-04T10:16:27,78,60.14,-45.24,43.18,3.96
177,Kloulklubed,75,PW,2019-08-04T10:16:27,78,7.04,134.26,80.6,11.41
178,Maamba,22,ZM,2019-08-04T10:16:27,25,-17.36,27.22,83.86,8.19
179,Puerto del Rosario,20,ES,2019-08-04T10:16:28,61,28.5,-13.86,80.6,17.22
180,Korce,20,CZ,2019-08-04T10:16:28,46,50.54,14.6,79.0,3.36
181,Lasa,20,CY,2019-08-04T10:16:28,62,34.92,32.53,89.6,6.93
182,Grand Gaube,40,MU,2019-08-04T10:16:28,64,-20.01,57.66,73.4,8.05
183,Homer,20,US,2019-08-04T10:16:28,93,59.64,-151.54,62.01,8.05
184,Toora-Khem,14,RU,2019-08-04T10:16:28,61,52.47,96.11,60.64,0.72
185,The Valley,75,AI,2019-08-04T10:16:29,88,18.22,-63.06,87.01,12.75
186,Coahuayana,85,MX,2019-08-04T10:16:29,90,18.62,-100.35,74.32,1.21
187,Lethem,58,GY,2019-08-04T10:16:29,62,3.38,-59.8,85.66,3.91
188,Hofn,75,IS,2019-08-04T10:16:29,71,64.25,-15.21,57.2,12.75
189,Linfen,51,CN,2019-08-04T10:16:29,66,36.09,111.52,79.54,1.57
190,Georgetown,20,GY,2019-08-04T10:16:29,78,6.8,-58.16,82.4,6.93
191,Harer,1,US,2019-08-04T10:16:30,62,42.19,-111.17,66.0,9.17
192,Banmankhi,95,IN,2019-08-04T10:16:30,68,25.89,87.19,88.0,3.96
193,Nishihara,20,JP,2019-08-04T10:16:30,88,35.74,139.53,84.0,3.36
194,Kulynychi,40,UA,2019-08-04T10:16:06,87,49.98,36.38,57.2,4.47
195,Arraial do Cabo,90,BR,2019-08-04T10:14:33,64,-22.97,-42.02,68.0,9.17
196,Ust-Uda,0,RU,2019-08-04T10:16:30,80,54.17,103.03,61.9,4.38
197,Qaanaaq,100,GL,2019-08-04T10:15:15,58,77.48,-69.36,43.0,1.61
198,Labuhan,66,ID,2019-08-04T10:16:30,87,-2.54,115.51,71.62,2.39
199,Eyl,87,SO,2019-08-04T10:16:30,39,7.98,49.82,88.36,21.83
200,Kaitangata,93,NZ,2019-08-04T10:16:31,72,-46.28,169.85,36.0,5.99
201,Rayevskiy,85,RU,2019-08-04T10:16:31,80,54.07,54.94,59.74,3.04
202,Puerto Narino,0,CO,2019-08-04T10:16:31,64,-3.77,-70.38,68.0,6.93
203,Nuuk,20,GL,2019-08-04T10:16:31,76,64.17,-51.74,51.8,5.82
204,Nouadhibou,0,MR,2019-08-04T10:16:31,57,20.93,-17.03,78.8,17.22
205,Cabra,0,ES,2019-08-04T10:16:31,25,37.47,-4.43,97.0,6.93
206,Ouargaye,99,BF,2019-08-04T10:16:31,57,11.5,0.06,85.84,13.58
207,Saint-Joseph,0,FR,2019-08-04T10:16:32,58,43.56,6.97,91.4,10.29
208,Husavik,0,CA,2019-08-04T10:16:32,71,50.56,-96.99,77.0,5.01
209,Taltal,50,CL,2019-08-04T10:16:32,77,-25.41,-70.49,52.0,9.26
210,Moussoro,100,TD,2019-08-04T10:16:32,73,13.64,16.49,79.54,9.55
211,Yining,100,CN,2019-08-04T10:16:32,86,29.04,114.56,76.48,0.94
212,Kruisfontein,0,ZA,2019-08-04T10:16:32,67,-34.0,24.73,59.02,8.3
213,Hobyo,84,SO,2019-08-04T10:16:33,60,5.35,48.53,82.96,25.14
214,Jiwani,75,PK,2019-08-04T10:16:33,87,25.05,61.74,81.34,11.81
215,Victoria,75,BN,2019-08-04T10:16:33,88,5.28,115.24,82.4,1.12
216,Talnakh,75,RU,2019-08-04T10:16:33,64,69.49,88.39,71.6,11.18
217,Kalmar,40,SE,2019-08-04T10:16:33,77,56.66,16.36,69.01,9.17
218,Bagan,97,RU,2019-08-04T10:16:33,56,54.1,77.67,66.76,12.97
219,Ukiah,1,US,2019-08-04T10:16:34,82,39.15,-123.21,62.01,0.58
220,Diapaga,34,BF,2019-08-04T10:16:34,51,12.07,1.79,89.62,8.9
221,Kualakapuas,98,ID,2019-08-04T10:16:34,73,-3.01,114.39,77.0,3.36
222,Bud,0,NO,2019-08-04T10:16:34,59,62.91,6.91,66.99,8.05
223,Cutler Ridge,75,US,2019-08-04T10:16:34,88,34.78,-82.42,78.8,1.99
224,Hovd,0,NO,2019-08-04T10:16:35,59,63.83,10.7,64.0,13.87
225,Tuktoyaktuk,90,CA,2019-08-04T10:16:35,93,69.44,-133.03,50.0,26.4
226,Tuatapere,84,NZ,2019-08-04T10:16:35,84,-46.13,167.69,37.0,8.99
227,San Pedro,0,AR,2019-08-04T10:15:59,51,-33.68,-59.66,55.78,11.86
228,Ternate,75,PH,2019-08-04T10:16:35,88,14.29,120.72,78.8,1.12
229,Saint-Georges,53,CA,2019-08-04T10:13:54,23,46.12,-70.67,60.01,7.0
230,Eureka,90,US,2019-08-04T10:16:35,87,40.8,-124.16,60.01,9.17
231,Constitucion,40,MX,2019-08-04T10:16:36,87,23.99,-104.67,68.0,11.68
232,Borogontsy,0,RU,2019-08-04T10:16:36,62,62.67,131.17,50.2,3.85
233,Dunedin,79,NZ,2019-08-04T10:12:23,85,-45.87,170.5,35.01,28.99
234,Katsuura,20,JP,2019-08-04T10:16:36,74,33.93,134.5,82.4,11.41
235,Udachnyy,0,RU,2019-08-04T10:16:36,39,66.42,112.4,62.6,2.24
236,Narsingi,90,IN,2019-08-04T10:16:36,88,18.04,78.43,78.8,11.41
237,Gizo,20,IL,2019-08-04T10:16:37,62,31.8,34.94,90.0,10.29
238,Shumskiy,6,RU,2019-08-04T10:16:37,73,54.83,99.13,63.88,2.62
239,Casa Nova,78,BR,2019-08-04T10:16:37,30,-16.03,-44.16,84.76,10.02
240,Ginir,80,ET,2019-08-04T10:16:37,71,7.14,40.71,62.62,8.23
241,Sabha,0,LY,2019-08-04T10:16:37,8,27.03,14.43,104.38,13.27
242,Mar del Plata,88,AR,2019-08-04T10:16:37,53,-46.43,-67.52,50.02,21.5
243,Acajutla,98,SV,2019-08-04T10:16:38,67,13.59,-89.83,82.24,1.5
244,Havelock,1,US,2019-08-04T10:13:52,70,34.88,-76.9,84.2,6.93
245,Dongli,75,CN,2019-08-04T10:16:38,79,24.18,117.61,86.0,4.47
246,Roald,20,NO,2019-08-04T10:16:38,72,62.58,6.12,68.0,18.34
247,Ewo,86,CG,2019-08-04T10:16:38,37,-0.88,14.81,89.08,2.93
248,Humberto de Campos,79,BR,2019-08-04T10:16:38,53,-2.6,-43.46,88.36,8.34
249,Yanaul,0,RU,2019-08-04T10:16:38,75,56.27,54.93,59.74,4.52
250,Omsukchan,100,RU,2019-08-04T10:16:39,97,62.53,155.8,43.18,7.72
251,Sibolga,54,ID,2019-08-04T10:16:39,72,1.74,98.78,83.14,9.69
252,Ginda,100,IN,2019-08-04T10:16:39,95,30.69,78.49,63.88,0.25
253,Sitka,0,US,2019-08-04T10:16:39,82,37.17,-99.65,75.0,1.99
254,Waddan,0,LY,2019-08-04T10:16:39,9,29.16,16.14,106.9,9.33
255,Atar,0,MR,2019-08-04T10:16:39,6,20.52,-13.05,112.66,15.48
256,Sola,0,TZ,2019-08-04T10:16:40,19,-3.17,33.8,86.2,11.68
257,Kinkala,20,CG,2019-08-04T10:16:40,48,-4.35,14.75,86.0,6.93
258,Awbari,0,LY,2019-08-04T10:16:40,8,26.59,12.77,102.94,13.29
259,Pinawa,74,CA,2019-08-04T10:16:40,76,50.15,-95.88,72.0,3.0
260,Hirara,0,JP,2019-08-04T10:16:40,84,24.8,125.28,83.86,17.54
261,Ngerengere,20,TZ,2019-08-04T10:16:40,40,-6.76,38.13,87.8,3.87
262,Esperantina,59,BR,2019-08-04T10:16:41,34,-3.89,-42.23,93.58,4.74
263,Olinda,0,AU,2019-08-04T10:16:41,71,-37.84,145.39,53.01,10.29
264,Pizarro,100,CO,2019-08-04T10:16:41,84,4.95,-77.37,78.1,6.67
265,Christchurch,54,NZ,2019-08-04T10:12:53,59,-43.53,172.64,37.4,9.17
266,Coihaique,75,CL,2019-08-04T10:16:41,70,-45.58,-72.07,46.4,10.29
267,Ocos,75,GT,2019-08-04T10:16:41,78,14.51,-92.19,80.6,3.02
268,Norman Wells,75,CA,2019-08-04T10:16:42,93,65.28,-126.83,60.8,3.36
269,Okhotsk,100,RU,2019-08-04T10:16:42,96,59.36,143.24,55.42,13.91
270,Gravdal,40,NO,2019-08-04T10:16:42,60,59.79,5.78,68.0,6.93
271,Shingu,31,JP,2019-08-04T10:16:42,84,33.72,135.99,68.56,4.47
272,Tromso,20,NO,2019-08-04T10:14:08,66,69.65,18.96,62.6,5.82
273,Ocampo,69,MX,2019-08-04T10:16:42,42,27.32,-102.4,78.64,5.95
274,Senanga,0,ZM,2019-08-04T10:16:43,13,-16.1,23.3,90.7,2.35
275,Naze,71,NG,2019-08-04T10:16:43,77,5.43,7.07,81.88,7.87
276,Kidodi,0,TZ,2019-08-04T10:16:43,37,-7.6,37.0,80.26,5.86
277,Huarmey,100,PE,2019-08-04T10:16:43,89,-10.07,-78.15,59.74,11.21
278,Clyde River,75,CA,2019-08-04T10:16:43,87,70.47,-68.59,48.2,4.7
279,College,1,US,2019-08-04T10:16:43,93,64.86,-147.8,57.2,3.56
280,Lake Havasu City,1,US,2019-08-04T10:16:44,26,34.47,-114.34,96.8,7.72
281,Komsomolskiy,48,RU,2019-08-04T10:16:44,76,67.55,63.78,59.38,13.2
282,San Quintin,100,PH,2019-08-04T10:16:44,95,17.54,120.52,75.4,2.64
283,Panalingaan,100,PH,2019-08-04T10:16:44,76,8.78,117.42,84.04,25.23
284,Swellendam,0,ZA,2019-08-04T10:16:44,37,-34.02,20.44,71.6,10.29
285,Edd,3,ER,2019-08-04T10:16:44,30,13.93,41.69,97.0,13.33
286,Verkhnyaya Inta,91,RU,2019-08-04T10:16:44,92,65.99,60.32,52.18,5.82
287,Nemuro,100,JP,2019-08-04T10:16:45,91,43.32,145.57,60.82,8.32
288,Visby,0,SE,2019-08-04T10:16:45,77,57.64,18.3,66.99,4.7
289,Manta,76,RO,2019-08-04T10:16:45,50,45.1,24.1,73.24,7.29
290,Beidao,100,CN,2019-08-04T10:16:46,67,34.57,105.89,70.54,4.56
291,Anaconda,1,US,2019-08-04T10:16:47,71,46.13,-112.94,63.0,4.7
292,Leningradskiy,28,RU,2019-08-04T10:16:47,86,69.38,178.42,36.7,8.43
293,Belaya Gora,0,RU,2019-08-04T10:16:47,64,68.54,146.19,42.1,9.13
294,Airai,2,TL,2019-08-04T10:16:47,88,-8.93,125.41,66.4,3.24
295,Tilichiki,100,RU,2019-08-04T10:16:47,97,60.47,166.1,49.66,1.66
296,Santa Maria,0,BR,2019-08-04T10:16:47,49,-16.02,-48.01,75.99,11.41
297,Bulgan,95,MN,2019-08-04T10:16:47,95,48.81,103.53,53.44,4.88
298,Hami,1,CN,2019-08-04T10:16:48,13,42.84,93.51,90.88,3.89
299,Harper,40,US,2019-08-04T10:16:48,88,30.3,-99.24,75.0,7.23
300,Mecca,0,SA,2019-08-04T10:13:46,23,21.43,39.83,99.34,17.65
301,Den Helder,90,NL,2019-08-04T10:16:48,68,52.96,4.76,78.01,6.93
302,Lubango,20,AO,2019-08-04T10:16:48,20,-14.92,13.49,86.74,12.35
303,Hambantota,90,LK,2019-08-04T10:16:48,94,6.12,81.12,82.4,8.05
304,Jati,99,PK,2019-08-04T10:16:49,71,24.35,68.27,85.3,17.78
305,Trincomalee,100,LK,2019-08-04T10:16:49,68,8.58,81.23,81.16,7.99
306,Mayskiy,20,RU,2019-08-04T10:16:49,42,43.63,44.06,84.2,4.47
307,Timra,0,SE,2019-08-04T10:16:49,55,62.49,17.33,66.0,6.93
308,Zhangye,91,CN,2019-08-04T10:16:49,20,38.94,100.46,76.66,1.23
309,Hargeysa,40,SO,2019-08-04T10:16:49,45,9.56,44.06,84.2,14.99
310,Buala,100,SB,2019-08-04T10:16:49,84,-8.15,159.59,79.54,12.17
311,Ust-Nera,100,RU,2019-08-04T10:16:50,88,64.57,143.24,41.2,4.38
312,San Diego de la Union,0,MX,2019-08-04T10:16:50,79,21.47,-100.87,66.99,1.01
313,Hasaki,20,JP,2019-08-04T10:16:50,94,35.73,140.83,78.8,5.82
314,Acapulco,90,MX,2019-08-04T10:16:50,78,16.86,-99.88,80.6,4.7
315,Liverpool,40,GB,2019-08-04T10:15:32,64,53.41,-2.98,77.0,6.93
316,Beaumont,75,US,2019-08-04T10:16:50,70,30.09,-94.1,86.0,3.06
317,Bereda,40,ES,2019-08-04T10:16:50,69,43.27,-7.54,80.01,12.75
318,Marshalltown,1,US,2019-08-04T10:16:40,83,42.04,-92.91,78.01,1.86
319,Malvern,20,GB,2019-08-04T10:16:51,69,52.12,-2.33,78.01,5.82
320,Kudahuvadhoo,100,MV,2019-08-04T10:16:51,79,2.67,72.89,84.22,13.53
321,Siparia,40,TT,2019-08-04T10:16:51,79,10.14,-61.51,86.0,6.06
322,Hualmay,100,PE,2019-08-04T10:16:51,86,-11.1,-77.61,59.38,8.43
323,Lazaro Cardenas,40,MX,2019-08-04T10:16:51,44,28.39,-105.62,82.99,8.05
324,Carahue,90,CL,2019-08-04T10:16:52,71,-38.71,-73.16,32.0,1.12
325,Port Macquarie,36,AU,2019-08-04T10:16:52,93,-31.43,152.91,52.0,1.12
326,Gwadar,79,PK,2019-08-04T10:16:52,87,25.12,62.33,81.34,12.26
327,Jawhar,100,IN,2019-08-04T10:16:52,94,19.91,73.23,75.76,13.09
328,Gornopravdinsk,31,RU,2019-08-04T10:16:52,82,60.06,69.92,60.1,3.87
329,Vallenar,0,CL,2019-08-04T10:16:52,18,-28.58,-70.76,70.0,5.48
330,Kajaani,0,FI,2019-08-04T10:16:53,47,64.22,27.73,57.2,13.87
331,Saldanha,0,PT,2019-08-04T10:16:53,21,41.42,-6.55,90.7,12.21
332,Jasper,20,US,2019-08-04T10:16:40,88,33.83,-87.28,80.6,3.0
333,Makakilo City,1,US,2019-08-04T10:16:53,78,21.35,-158.09,80.6,4.7
334,Demirci,13,TR,2019-08-04T10:16:53,39,39.05,28.66,82.24,17.9
335,Polunochnoye,84,RU,2019-08-04T10:16:53,76,60.87,60.43,51.82,6.22
336,Road Town,40,VG,2019-08-04T10:15:08,70,18.42,-64.62,86.0,12.75
337,Kalmunai,100,LK,2019-08-04T10:16:53,60,7.42,81.82,83.68,2.46
338,Las Navas,100,PH,2019-08-04T10:16:54,81,12.34,125.03,79.0,9.33
339,Vezirkopru,75,TR,2019-08-04T10:16:54,73,41.14,35.45,71.6,14.99
340,Neuquen,0,AR,2019-08-04T10:16:54,80,-38.95,-68.06,39.2,3.36
341,Atbasar,34,KZ,2019-08-04T10:16:54,67,51.81,68.36,62.8,6.51
342,Ostrozac,0,BA,2019-08-04T10:16:54,51,44.91,15.94,78.01,1.99
343,Altamirano,0,AR,2019-08-04T10:16:54,53,-35.36,-58.15,61.0,11.41
344,Iqaluit,75,CA,2019-08-04T10:16:54,81,63.75,-68.52,50.0,5.82
345,Soubre,74,CI,2019-08-04T10:16:55,61,5.79,-6.61,82.96,4.56
346,Sangueya,69,GN,2019-08-04T10:16:55,86,10.7,-14.37,79.54,12.66
347,Japura,100,ID,2019-08-04T10:16:55,73,-0.42,102.29,78.82,1.36
348,Tumbes,75,PE,2019-08-04T10:16:55,33,-3.57,-80.46,89.6,3.36
349,Caravelas,94,BR,2019-08-04T10:16:55,76,-17.73,-39.27,76.12,15.03
350,Sorong,100,ID,2019-08-04T10:16:55,86,-0.86,131.25,75.76,8.79
351,Longyearbyen,40,NO,2019-08-04T10:16:56,81,78.22,15.63,46.4,2.24
352,Kahului,1,US,2019-08-04T10:16:56,84,20.89,-156.47,77.0,6.93
353,Rome,20,IT,2019-08-04T10:15:05,48,41.89,12.48,91.99,6.93
354,Yima,100,CN,2019-08-04T10:16:56,96,34.75,111.87,68.92,4.32
355,Vestmannaeyjar,0,IS,2019-08-04T10:16:56,72,63.44,-20.27,59.0,4.7
356,Aswan,0,EG,2019-08-04T10:16:56,13,24.09,32.9,109.4,13.87
357,Krupina,20,SK,2019-08-04T10:16:56,49,48.35,19.07,78.01,9.17
358,Santana do Livramento,0,BR,2019-08-04T10:16:57,63,-30.89,-55.53,52.9,6.89
359,Aksarka,60,RU,2019-08-04T10:16:57,81,66.56,67.8,58.3,11.34
360,Cidreira,0,BR,2019-08-04T10:16:57,51,-30.17,-50.22,55.78,5.44
361,Henties Bay,0,NA,2019-08-04T10:16:57,75,-22.12,14.28,60.01,10.0
362,Khairpur,68,PK,2019-08-04T10:16:57,53,27.53,68.76,100.4,4.7
363,Willowmore,0,ZA,2019-08-04T10:16:57,27,-33.3,23.49,62.08,5.48
364,San Cristobal,40,HN,2019-08-04T10:16:57,78,14.68,-86.92,82.4,8.1
365,Cravo Norte,100,CO,2019-08-04T10:16:58,94,6.3,-70.2,74.14,7.2
366,Souillac,0,FR,2019-08-04T10:16:58,39,45.6,-0.6,88.0,8.05
367,Sungaipenuh,1,ID,2019-08-04T10:16:58,95,-2.08,101.38,70.9,3.09
368,Kyritz,63,DE,2019-08-04T10:16:58,48,52.94,12.4,77.0,3.0
369,Gazanjyk,63,TM,2019-08-04T10:16:58,16,39.24,55.52,101.5,19.62
370,Mehamn,100,NO,2019-08-04T10:16:59,82,71.03,27.85,42.46,13.82
371,Victor Harbor,0,AU,2019-08-04T10:16:59,61,-35.55,138.62,51.01,6.93
372,Manica,100,MZ,2019-08-04T10:16:59,44,-18.94,32.88,73.96,2.01
373,Havre-Saint-Pierre,90,CA,2019-08-04T10:16:59,93,50.23,-63.6,59.0,8.05
374,Gbadolite,75,CD,2019-08-04T10:16:59,82,4.28,21.0,79.18,1.21
375,Parral,75,CL,2019-08-04T10:16:59,100,-36.14,-71.82,55.0,3.36
376,Prince Rupert,90,CA,2019-08-04T10:16:59,100,54.32,-130.32,53.6,1.01
377,Vradiyivka,100,UA,2019-08-04T10:17:00,44,47.86,30.59,70.0,15.01
378,Beringovskiy,63,RU,2019-08-04T10:12:18,91,63.05,179.32,43.54,3.22
379,Salitral,75,CR,2019-08-04T10:17:00,73,9.79,-84.12,77.0,11.41
380,Gigmoto,100,PH,2019-08-04T10:17:00,90,13.78,124.39,78.46,7.25
381,Sioux Lookout,75,CA,2019-08-04T10:17:00,88,50.1,-91.92,69.8,8.05
382,Candelaria,100,PH,2019-08-04T10:17:00,91,13.93,121.42,79.0,1.01
383,Champerico,75,MX,2019-08-04T10:17:00,88,16.38,-93.6,75.2,4.7
384,Riyadh,0,SA,2019-08-04T10:17:01,10,24.63,46.72,109.4,9.17
385,Callaway,1,US,2019-08-04T10:17:01,69,46.98,-95.91,73.4,9.17
386,Pesaro,0,IT,2019-08-04T10:17:01,61,43.91,12.91,84.0,11.41
387,Naryan-Mar,57,RU,2019-08-04T10:17:01,71,67.67,53.09,57.76,13.15
388,Tagusao,100,PH,2019-08-04T10:17:01,79,9.19,117.81,82.6,18.9
389,Pevek,0,RU,2019-08-04T10:17:02,75,69.7,170.27,37.78,10.69
390,Logansport,1,US,2019-08-04T10:17:02,57,40.75,-86.36,79.0,4.7
391,Sabaudia,20,IT,2019-08-04T10:17:02,48,41.3,13.03,89.01,6.93
392,Cayenne,75,GF,2019-08-04T10:17:02,74,4.94,-52.33,86.0,6.93
393,Gladstone,0,AU,2019-08-04T10:17:02,67,-23.84,151.26,62.6,5.82
394,Solsona,20,ES,2019-08-04T10:16:25,26,41.99,1.52,93.99,12.75
395,Todos Santos,40,MX,2019-08-04T10:17:02,35,23.45,-110.23,89.01,5.82
396,Fairlie,90,US,2019-08-04T10:17:02,94,33.31,-95.96,79.0,4.85
397,Binzhou,64,CN,2019-08-04T10:17:03,67,37.38,117.96,84.99,7.47
398,Khorramabad,0,IR,2019-08-04T10:17:03,16,33.48,48.35,96.8,13.87
399,Coquimbo,20,CL,2019-08-04T10:17:03,93,-29.95,-71.34,48.2,3.36
400,Puerto Colombia,20,CO,2019-08-04T10:17:03,88,10.99,-74.96,88.0,2.24
401,San Matias,0,BO,2019-08-04T10:17:04,18,-16.36,-58.4,70.9,9.51
402,Vaasa,0,FI,2019-08-04T10:17:04,38,63.1,21.62,62.01,9.17
403,Port Lincoln,0,AU,2019-08-04T10:17:04,58,-34.72,135.86,58.12,16.42
404,Fairbanks,90,US,2019-08-04T10:13:56,87,64.84,-147.72,57.2,3.56
405,Luderitz,0,NA,2019-08-04T10:12:18,85,-26.65,15.16,55.96,11.32
406,Geraldton,75,CA,2019-08-04T10:17:04,67,49.72,-86.95,62.6,5.82
407,Beloha,0,MG,2019-08-04T10:17:04,54,-25.17,45.06,74.68,8.75
408,At-Bashi,0,KG,2019-08-04T10:17:05,44,41.17,75.81,60.82,6.46
409,Roman,40,RO,2019-08-04T10:17:05,52,46.92,26.93,75.2,10.29
410,North Bend,90,US,2019-08-04T10:17:05,100,43.41,-124.22,59.0,5.82
411,San Patricio,0,PY,2019-08-04T10:17:05,59,-26.98,-56.83,57.4,5.61
412,Gunnedah,36,AU,2019-08-04T10:17:05,65,-30.98,150.25,41.0,8.05
413,Dingle,100,PH,2019-08-04T10:17:05,86,11.0,122.67,75.94,8.95
414,Ancud,90,CL,2019-08-04T10:17:06,100,-41.87,-73.83,42.8,6.93
415,Zyryanka,100,RU,2019-08-04T10:17:06,84,65.73,150.89,50.56,3.91
416,Aksu,75,KZ,2019-08-04T10:17:06,36,52.04,76.93,78.8,13.42
417,Bowen,0,AU,2019-08-04T10:17:06,87,-20.01,148.25,64.0,8.05
418,Vincennes,0,FR,2019-08-04T10:17:06,32,48.85,2.44,89.01,2.24
419,Back Mountain,1,US,2019-08-04T10:17:07,69,41.34,-76.0,79.0,5.82
420,Dongsheng,98,CN,2019-08-04T10:17:07,77,29.72,112.52,81.34,4.27
421,Fuling,62,CN,2019-08-04T10:17:07,80,29.71,107.39,77.92,3.6
422,Peleduy,0,RU,2019-08-04T10:17:07,61,59.63,112.75,50.02,1.77
423,Novobirilyussy,100,RU,2019-08-04T10:17:07,76,56.95,90.69,72.52,5.97
424,Nador,0,MA,2019-08-04T10:17:08,62,35.17,-2.93,89.6,6.93
425,Camacha,20,PT,2019-08-04T10:17:08,69,33.08,-16.33,78.8,10.29
426,Kissidougou,87,GN,2019-08-04T10:17:08,79,9.19,-10.1,78.82,6.62
427,Lumphat,100,KH,2019-08-04T10:17:08,97,13.5,106.97,73.6,4.03
428,Cabo San Lucas,40,MX,2019-08-04T10:15:34,35,22.89,-109.91,87.01,5.82
429,Srandakan,23,ID,2019-08-04T10:17:08,78,-7.94,110.25,74.32,13.56
430,Balikpapan,100,ID,2019-08-04T10:17:08,96,-1.24,116.86,70.72,4.63
431,Belyy Yar,0,RU,2019-08-04T10:17:08,73,53.6,91.39,77.0,4.47
432,Araouane,100,ML,2019-08-04T10:17:09,22,18.9,-3.53,104.92,20.07
433,Tiarei,0,PF,2019-08-04T10:17:09,69,-17.53,-149.33,75.2,8.05
434,Mount Isa,75,AU,2019-08-04T10:17:09,35,-20.73,139.49,69.8,6.93
435,Rocha,0,UY,2019-08-04T10:17:09,57,-34.48,-54.34,55.42,5.75
436,Vanimo,83,PG,2019-08-04T10:17:09,77,-2.67,141.3,80.8,6.51
437,Montijo,0,ES,2019-08-04T10:17:09,35,38.91,-6.62,93.0,8.05
438,Sinnamary,2,GF,2019-08-04T10:17:09,80,5.38,-52.96,82.6,15.48
439,Mantua,20,IT,2019-08-04T10:17:10,42,45.16,10.79,87.01,5.82
440,Nantucket,20,US,2019-08-04T10:17:10,94,41.28,-70.1,82.99,10.29
441,Haapiti,0,PF,2019-08-04T10:17:10,69,-17.57,-149.87,75.2,8.05
442,Poya,93,NC,2019-08-04T10:17:10,68,-21.35,165.16,68.02,17.29
443,Praia da Vitoria,40,PT,2019-08-04T10:17:10,69,38.73,-27.07,80.6,14.79
444,Cubatao,90,BR,2019-08-04T10:17:11,87,-23.89,-46.43,59.0,2.24
445,Eyemouth,98,GB,2019-08-04T10:17:11,82,55.87,-2.09,75.0,9.33
446,Payo,44,ID,2019-08-04T10:17:11,94,-3.75,103.64,66.58,4.12
447,Nadapuram,75,IN,2019-08-04T10:17:11,100,11.7,75.65,80.6,8.05
448,La Ronge,75,CA,2019-08-04T10:17:11,93,55.1,-105.3,57.2,14.99
449,Oyem,75,GA,2019-08-04T10:17:11,69,1.6,11.57,80.6,3.51
450,Gat,0,SN,2019-08-04T10:17:12,62,14.69,-16.54,86.0,10.29
451,Tiznit,2,MA,2019-08-04T10:17:12,89,29.7,-9.73,68.2,11.79
452,Dalvik,9,SE,2019-08-04T10:17:12,77,57.79,14.13,71.01,5.82
453,Comodoro Rivadavia,0,AR,2019-08-04T10:17:12,40,-45.87,-67.48,53.6,23.04
454,Amahai,59,ID,2019-08-04T10:17:12,85,-3.31,129.0,75.4,13.76
455,Rorvik,99,NO,2019-08-04T10:17:12,78,64.86,11.24,57.0,1.01
456,Kamenskiy,100,RU,2019-08-04T10:17:13,95,50.89,45.49,59.38,3.78
457,Berlevag,75,NO,2019-08-04T10:17:13,93,70.86,29.09,39.2,19.46
458,Chizhou,1,CN,2019-08-04T10:17:13,82,30.67,117.49,79.0,4.47
459,Pelotas,0,BR,2019-08-04T10:17:13,76,-31.77,-52.34,50.0,8.05
460,Aromashevo,27,RU,2019-08-04T10:17:13,84,56.86,68.64,59.92,5.03
461,Barsovo,20,RU,2019-08-04T10:17:13,72,61.17,73.17,66.2,6.71
462,Sicamous,1,CA,2019-08-04T10:17:13,81,50.84,-118.99,55.99,3.36
463,Shimoda,0,JP,2019-08-04T10:17:14,3,34.7,138.93,81.0,4.5
464,Bonavista,100,CA,2019-08-04T10:17:14,83,48.65,-53.11,64.0,4.0
465,Maldonado,0,UY,2019-08-04T10:17:14,71,-34.91,-54.96,50.0,3.36
466,Flinders,90,AU,2019-08-04T10:17:14,81,-34.58,150.85,53.01,4.7
467,Ryotsu,20,JP,2019-08-04T10:17:14,94,38.08,138.43,77.0,3.36
468,Zarinsk,55,RU,2019-08-04T10:17:14,69,53.71,84.95,67.3,4.65
469,Kamaishi,65,JP,2019-08-04T10:17:15,97,39.28,141.86,65.5,1.39
470,Murdochville,0,CA,2019-08-04T10:17:15,52,48.96,-65.49,64.78,12.28
471,Puerto Cabezas,75,NI,2019-08-04T10:17:15,83,14.04,-83.39,84.2,6.93
472,Pionerskiy,96,RU,2019-08-04T10:17:15,68,61.2,62.86,55.96,5.91
473,San Jose,1,HN,2019-08-04T10:13:34,94,14.25,-87.96,75.2,3.36
474,Mbeya,0,TZ,2019-08-04T10:17:15,25,-8.91,33.47,76.12,9.84
475,Samarai,100,PG,2019-08-04T10:17:15,90,-10.62,150.67,72.34,10.54
476,Altus,75,US,2019-08-04T10:16:46,74,34.64,-99.33,78.8,4.74
477,Ambilobe,67,MG,2019-08-04T10:17:16,68,-13.19,49.05,77.38,3.62
478,Kimbe,59,PG,2019-08-04T10:17:16,93,-5.56,150.15,73.24,3.74
479,Nome,75,US,2019-08-04T10:17:16,70,30.04,-94.42,86.0,3.06
480,Turangi,100,NZ,2019-08-04T10:17:16,80,-39.0,175.93,37.0,1.01
481,Broken Hill,0,AU,2019-08-04T10:17:16,65,-31.97,141.45,44.6,8.05
482,Puri,36,ID,2019-08-04T10:17:16,72,-7.54,112.45,70.54,18.99
483,Natal,40,BR,2019-08-04T10:13:52,69,-5.81,-35.21,82.4,17.22
484,Los Llanos de Aridane,20,ES,2019-08-04T10:17:17,54,28.66,-17.92,78.8,10.29
485,Tokonou,73,GN,2019-08-04T10:17:17,83,9.65,-9.78,78.46,5.21
486,Alekseyevsk,33,RU,2019-08-04T10:17:17,58,57.84,108.35,53.8,6.11
487,Meulaboh,33,ID,2019-08-04T10:17:17,66,4.14,96.13,84.04,6.29
488,Sovetskiy,16,RU,2019-08-04T10:17:17,75,56.76,48.47,57.22,5.88
489,San Ramon de la Nueva Oran,0,AR,2019-08-04T10:17:17,20,-23.13,-64.33,65.5,3.67
490,Qaqortoq,20,GL,2019-08-04T10:17:18,55,60.72,-46.03,60.8,5.82
491,Carmen,90,PH,2019-08-04T10:17:18,83,7.36,125.71,80.6,5.82
492,Pringsewu,76,ID,2019-08-04T10:17:18,86,-5.36,104.98,70.9,2.51
493,Sainte-Marie,20,CA,2019-08-04T10:17:18,59,46.45,-71.03,64.0,6.93
494,Kurilsk,100,RU,2019-08-04T10:17:18,91,45.23,147.88,57.94,8.48
495,Lima,90,PE,2019-08-04T10:16:54,93,-12.06,-77.04,57.2,3.36
496,Bathsheba,75,BB,2019-08-04T10:13:33,78,13.22,-59.52,82.4,11.41
497,Santa Fe,0,AR,2019-08-04T10:17:19,50,-31.62,-60.7,59.0,11.01
498,Grindavik,90,IS,2019-08-04T10:17:19,82,63.84,-22.43,57.2,4.7
499,Wanganui,100,NZ,2019-08-04T10:17:19,61,-39.93,175.05,46.99,32.01
500,Yerbogachen,87,RU,2019-08-04T10:17:19,62,61.28,108.01,54.34,2.84
501,Bandar,75,BD,2019-08-04T10:17:19,84,22.29,91.78,86.0,6.93
502,Barabai,74,ID,2019-08-04T10:17:19,75,-2.59,115.38,73.96,4.92
503,Lappeenranta,0,FI,2019-08-04T10:17:20,47,61.06,28.19,61.0,9.17
504,Petropavlovsk-Kamchatskiy,75,RU,2019-08-04T10:17:20,100,53.05,158.65,57.2,6.71
505,Recea,0,MD,2019-08-04T10:17:20,46,47.23,28.58,75.0,11.41
506,Touros,75,BR,2019-08-04T10:17:20,74,-5.2,-35.46,82.4,11.41
507,Lhokseumawe,9,ID,2019-08-04T10:17:20,90,5.18,97.15,71.8,3.36
508,Sobolevo,4,RU,2019-08-04T10:17:20,77,54.43,31.9,57.04,8.19
509,Dinguiraye,100,GN,2019-08-04T10:17:21,80,11.29,-10.71,76.84,1.45
510,Guarapari,75,BR,2019-08-04T10:17:21,73,-20.67,-40.5,71.6,17.22
511,Teguldet,22,RU,2019-08-04T10:17:21,60,57.31,88.17,67.3,6.6
512,Saint Anthony,40,US,2019-08-04T10:13:49,67,43.97,-111.68,68.0,5.82
513,Kaohsiung,75,TW,2019-08-04T10:13:26,83,22.62,120.31,84.2,1.12
514,Otavi,1,NA,2019-08-04T10:17:21,7,-19.64,17.34,83.5,9.4
515,Birjand,0,IR,2019-08-04T10:17:22,7,32.86,59.22,96.8,18.34
516,Paita,21,PE,2019-08-04T10:17:22,88,-5.09,-81.11,62.8,10.76
517,Buckeye,1,US,2019-08-04T10:15:01,40,33.37,-112.58,88.0,4.7
518,Burns Lake,9,CA,2019-08-04T10:17:22,69,54.23,-125.76,58.12,1.77
519,Murgab,0,TM,2019-08-04T10:17:22,14,37.5,61.97,105.8,9.17
520,Elizabeth City,1,US,2019-08-04T10:14:14,74,36.3,-76.22,86.0,4.7
521,Manokwari,67,ID,2019-08-04T10:13:02,84,-0.87,134.08,72.7,5.19
522,Bhadrachalam,100,IN,2019-08-04T10:17:23,89,17.67,80.89,75.58,8.97
523,Nizhniy Odes,100,RU,2019-08-04T10:17:23,95,63.64,54.86,46.24,9.91
524,Soyo,20,AO,2019-08-04T10:17:23,57,-6.13,12.37,80.6,10.29
525,Mabaruma,96,GY,2019-08-04T10:17:23,89,8.2,-59.78,82.78,2.8
526,Vestmanna,0,FO,2019-08-04T10:17:23,62,62.16,-7.17,59.0,9.17
527,Vagamo,92,NO,2019-08-04T10:17:23,35,61.88,9.1,65.32,4.52
528,Teya,75,MX,2019-08-04T10:17:23,88,21.05,-89.07,82.99,5.82
529,Mountain Home,1,US,2019-08-04T10:17:23,49,43.13,-115.69,71.01,6.93
530,Barahan,100,PH,2019-08-04T10:17:24,79,13.01,120.76,82.96,20.78
531,Narasannapeta,64,IN,2019-08-04T10:17:24,80,18.42,84.04,79.72,8.9
532,Wlodawa,20,PL,2019-08-04T10:17:24,49,51.55,23.55,71.6,6.93
533,Boende,68,CD,2019-08-04T10:17:24,50,-0.28,20.88,86.2,3.11
534,Marawi,100,PH,2019-08-04T10:17:24,85,8.0,124.29,75.99,5.01
535,Porkhov,40,RU,2019-08-04T10:17:24,58,57.77,29.55,59.0,8.95
536,Marsh Harbour,46,BS,2019-08-04T10:17:24,78,26.54,-77.06,83.5,15.21
537,Antofagasta,40,CL,2019-08-04T10:17:01,62,-23.65,-70.4,57.2,9.17
538,Mitha Tiwana,10,PK,2019-08-04T10:17:25,34,32.24,72.11,93.76,4.74
539,San Policarpo,100,PH,2019-08-04T10:17:25,75,12.18,125.51,80.62,10.04
540,Melfi,0,IT,2019-08-04T10:17:25,25,41.0,15.66,89.6,14.99
541,Sampit,24,ID,2019-08-04T10:17:25,87,-2.54,112.95,72.34,3.67
542,Mounana,75,GA,2019-08-04T10:17:25,69,-1.38,13.16,80.6,6.93
543,Karpogory,100,RU,2019-08-04T10:17:25,97,64.0,44.44,50.74,9.1
544,Richards Bay,0,ZA,2019-08-04T10:17:26,84,-28.77,32.06,71.62,27.87
545,Arlit,63,NE,2019-08-04T10:17:26,26,18.74,7.39,100.96,5.12
546,Isangel,4,VU,2019-08-04T10:17:26,71,-19.55,169.27,69.82,21.81
547,Maun,0,BW,2019-08-04T10:17:26,23,-19.99,23.42,87.8,2.24
548,Batagay,0,RU,2019-08-04T10:17:26,52,67.65,134.64,47.86,2.51
